"vendor","source","source_product_id","title","description","category","brand","sku","price_usd","discount_percentage","rating","stock","availability_status","minimum_order_quantity","tags","weight","dimensions","warranty_information","shipping_information","return_policy","thumbnail_url","image_urls","local_image_paths"
"Super Store Vendor","DummyJSON product catalog sample data","1","Essence Mascara Lash Princess","The Essence Mascara Lash Princess is a popular mascara known for its volumizing and lengthening effects. Achieve dramatic lashes with this long-lasting and cruelty-free formula.","beauty","Essence","BEA-ESS-ESS-001","9.99","10.48","2.56","99","In Stock","48","beauty; mascara","4","W:15.14 H:13.08 D:22.99","1 week warranty","Ships in 3-5 business days","No return policy","https://cdn.dummyjson.com/product-images/beauty/essence-mascara-lash-princess/thumbnail.webp","https://cdn.dummyjson.com/product-images/beauty/essence-mascara-lash-princess/1.webp","C:\Users\HP\3D Objects\supertech\super-store-vendor-products\images\essence-mascara-lash-princess\01.webp; C:\Users\HP\3D Objects\supertech\super-store-vendor-products\images\essence-mascara-lash-princess\02.webp"
"Super Store Vendor","DummyJSON product catalog sample data","2","Eyeshadow Palette with Mirror","The Eyeshadow Palette with Mirror offers a versatile range of eyeshadow shades for creating stunning eye looks. With a built-in mirror, it's convenient for on-the-go makeup application.","beauty","Glamour Beauty","BEA-GLA-EYE-002","19.99","18.19","2.86","34","In Stock","20","beauty; eyeshadow","9","W:9.26 H:22.47 D:27.67","1 year warranty","Ships in 2 weeks","7 days return policy","https://cdn.dummyjson.com/product-images/beauty/eyeshadow-palette-with-mirror/thumbnail.webp","https://cdn.dummyjson.com/product-images/beauty/eyeshadow-palette-with-mirror/1.webp","C:\Users\HP\3D Objects\supertech\super-store-vendor-products\images\eyeshadow-palette-with-mirror\01.webp; C:\Users\HP\3D Objects\supertech\super-store-vendor-products\images\eyeshadow-palette-with-mirror\02.webp"
"Super Store Vendor","DummyJSON product catalog sample data","3","Powder Canister","The Powder Canister is a finely milled setting powder designed to set makeup and control shine. With a lightweight and translucent formula, it provides a smooth and matte finish.","beauty","Velvet Touch","BEA-VEL-POW-003","14.99","9.84","4.64","89","In Stock","22","beauty; face powder","8","W:29.27 H:27.93 D:20.59","3 months warranty","Ships in 1-2 business days","No return policy","https://cdn.dummyjson.com/product-images/beauty/powder-canister/thumbnail.webp","https://cdn.dummyjson.com/product-images/beauty/powder-canister/1.webp","C:\Users\HP\3D Objects\supertech\super-store-vendor-products\images\powder-canister\01.webp; C:\Users\HP\3D Objects\supertech\super-store-vendor-products\images\powder-canister\02.webp"
"Super Store Vendor","DummyJSON product catalog sample data","4","Red Lipstick","The Red Lipstick is a classic and bold choice for adding a pop of color to your lips. With a creamy and pigmented formula, it provides a vibrant and long-lasting finish.","beauty","Chic Cosmetics","BEA-CHI-LIP-004","12.99","12.16","4.36","91","In Stock","40","beauty; lipstick","1","W:18.11 H:28.38 D:22.17","3 year warranty","Ships in 1 week","7 days return policy","https://cdn.dummyjson.com/product-images/beauty/red-lipstick/thumbnail.webp","https://cdn.dummyjson.com/product-images/beauty/red-lipstick/1.webp","C:\Users\HP\3D Objects\supertech\super-store-vendor-products\images\red-lipstick\01.webp; C:\Users\HP\3D Objects\supertech\super-store-vendor-products\images\red-lipstick\02.webp"
"Super Store Vendor","DummyJSON product catalog sample data","5","Red Nail Polish","The Red Nail Polish offers a rich and glossy red hue for vibrant and polished nails. With a quick-drying formula, it provides a salon-quality finish at home.","beauty","Nail Couture","BEA-NAI-NAI-005","8.99","11.44","4.32","79","In Stock","22","beauty; nail polish","8","W:21.63 H:16.48 D:29.84","1 month warranty","Ships overnight","No return policy","https://cdn.dummyjson.com/product-images/beauty/red-nail-polish/thumbnail.webp","https://cdn.dummyjson.com/product-images/beauty/red-nail-polish/1.webp","C:\Users\HP\3D Objects\supertech\super-store-vendor-products\images\red-nail-polish\01.webp; C:\Users\HP\3D Objects\supertech\super-store-vendor-products\images\red-nail-polish\02.webp"
"Super Store Vendor","DummyJSON product catalog sample data","6","Calvin Klein CK One","CK One by Calvin Klein is a classic unisex fragrance, known for its fresh and clean scent. It's a versatile fragrance suitable for everyday wear.","fragrances","Calvin Klein","FRA-CAL-CAL-006","49.99","1.89","4.37","29","In Stock","9","fragrances; perfumes","7","W:29.36 H:27.76 D:20.72","1 week warranty","Ships overnight","90 days return policy","https://cdn.dummyjson.com/product-images/fragrances/calvin-klein-ck-one/thumbnail.webp","https://cdn.dummyjson.com/product-images/fragrances/calvin-klein-ck-one/1.webp; https://cdn.dummyjson.com/product-images/fragrances/calvin-klein-ck-one/2.webp; https://cdn.dummyjson.com/product-images/fragrances/calvin-klein-ck-one/3.webp","C:\Users\HP\3D Objects\supertech\super-store-vendor-products\images\calvin-klein-ck-one\01.webp; C:\Users\HP\3D Objects\supertech\super-store-vendor-products\images\calvin-klein-ck-one\02.webp; C:\Users\HP\3D Objects\supertech\super-store-vendor-products\images\calvin-klein-ck-one\03.webp; C:\Users\HP\3D Objects\supertech\super-store-vendor-products\images\calvin-klein-ck-one\04.webp"
"Super Store Vendor","DummyJSON product catalog sample data","7","Chanel Coco Noir Eau De","Coco Noir by Chanel is an elegant and mysterious fragrance, featuring notes of grapefruit, rose, and sandalwood. Perfect for evening occasions.","fragrances","Chanel","FRA-CHA-CHA-007","129.99","16.51","4.26","58","In Stock","1","fragrances; perfumes","7","W:24.5 H:25.7 D:25.98","3 year warranty","Ships overnight","No return policy","https://cdn.dummyjson.com/product-images/fragrances/chanel-coco-noir-eau-de/thumbnail.webp","https://cdn.dummyjson.com/product-images/fragrances/chanel-coco-noir-eau-de/1.webp; https://cdn.dummyjson.com/product-images/fragrances/chanel-coco-noir-eau-de/2.webp; https://cdn.dummyjson.com/product-images/fragrances/chanel-coco-noir-eau-de/3.webp","C:\Users\HP\3D Objects\supertech\super-store-vendor-products\images\chanel-coco-noir-eau-de\01.webp; C:\Users\HP\3D Objects\supertech\super-store-vendor-products\images\chanel-coco-noir-eau-de\02.webp; C:\Users\HP\3D Objects\supertech\super-store-vendor-products\images\chanel-coco-noir-eau-de\03.webp; C:\Users\HP\3D Objects\supertech\super-store-vendor-products\images\chanel-coco-noir-eau-de\04.webp"
"Super Store Vendor","DummyJSON product catalog sample data","8","Dior J'adore","J'adore by Dior is a luxurious and floral fragrance, known for its blend of ylang-ylang, rose, and jasmine. It embodies femininity and sophistication.","fragrances","Dior","FRA-DIO-DIO-008","89.99","14.72","3.8","98","In Stock","10","fragrances; perfumes","4","W:27.67 H:28.28 D:11.83","1 week warranty","Ships in 2 weeks","7 days return policy","https://cdn.dummyjson.com/product-images/fragrances/dior-j'adore/thumbnail.webp","https://cdn.dummyjson.com/product-images/fragrances/dior-j'adore/1.webp; https://cdn.dummyjson.com/product-images/fragrances/dior-j'adore/2.webp; https://cdn.dummyjson.com/product-images/fragrances/dior-j'adore/3.webp","C:\Users\HP\3D Objects\supertech\super-store-vendor-products\images\dior-j-adore\01.webp; C:\Users\HP\3D Objects\supertech\super-store-vendor-products\images\dior-j-adore\02.webp; C:\Users\HP\3D Objects\supertech\super-store-vendor-products\images\dior-j-adore\03.webp; C:\Users\HP\3D Objects\supertech\super-store-vendor-products\images\dior-j-adore\04.webp"
"Super Store Vendor","DummyJSON product catalog sample data","9","Dolce Shine Eau de","Dolce Shine by Dolce & Gabbana is a vibrant and fruity fragrance, featuring notes of mango, jasmine, and blonde woods. It's a joyful and youthful scent.","fragrances","Dolce & Gabbana","FRA-DOL-DOL-009","69.99","0.62","3.96","4","Low Stock","2","fragrances; perfumes","6","W:27.28 H:29.88 D:18.3","3 year warranty","Ships in 1 month","7 days return policy","https://cdn.dummyjson.com/product-images/fragrances/dolce-shine-eau-de/thumbnail.webp","https://cdn.dummyjson.com/product-images/fragrances/dolce-shine-eau-de/1.webp; https://cdn.dummyjson.com/product-images/fragrances/dolce-shine-eau-de/2.webp; https://cdn.dummyjson.com/product-images/fragrances/dolce-shine-eau-de/3.webp","C:\Users\HP\3D Objects\supertech\super-store-vendor-products\images\dolce-shine-eau-de\01.webp; C:\Users\HP\3D Objects\supertech\super-store-vendor-products\images\dolce-shine-eau-de\02.webp; C:\Users\HP\3D Objects\supertech\super-store-vendor-products\images\dolce-shine-eau-de\03.webp; C:\Users\HP\3D Objects\supertech\super-store-vendor-products\images\dolce-shine-eau-de\04.webp"
"Super Store Vendor","DummyJSON product catalog sample data","10","Gucci Bloom Eau de","Gucci Bloom by Gucci is a floral and captivating fragrance, with notes of tuberose, jasmine, and Rangoon creeper. It's a modern and romantic scent.","fragrances","Gucci","FRA-GUC-GUC-010","79.99","14.39","2.74","91","In Stock","2","fragrances; perfumes","7","W:20.92 H:21.68 D:11.2","6 months warranty","Ships overnight","No return policy","https://cdn.dummyjson.com/product-images/fragrances/gucci-bloom-eau-de/thumbnail.webp","https://cdn.dummyjson.com/product-images/fragrances/gucci-bloom-eau-de/1.webp; https://cdn.dummyjson.com/product-images/fragrances/gucci-bloom-eau-de/2.webp; https://cdn.dummyjson.com/product-images/fragrances/gucci-bloom-eau-de/3.webp","C:\Users\HP\3D Objects\supertech\super-store-vendor-products\images\gucci-bloom-eau-de\01.webp; C:\Users\HP\3D Objects\supertech\super-store-vendor-products\images\gucci-bloom-eau-de\02.webp; C:\Users\HP\3D Objects\supertech\super-store-vendor-products\images\gucci-bloom-eau-de\03.webp; C:\Users\HP\3D Objects\supertech\super-store-vendor-products\images\gucci-bloom-eau-de\04.webp"
"Super Store Vendor","DummyJSON product catalog sample data","11","Annibale Colombo Bed","The Annibale Colombo Bed is a luxurious and elegant bed frame, crafted with high-quality materials for a comfortable and stylish bedroom.","furniture","Annibale Colombo","FUR-ANN-ANN-011","1899.99","8.57","4.77","88","In Stock","1","furniture; beds","10","W:28.16 H:25.36 D:17.28","1 year warranty","Ships in 1 month","No return policy","https://cdn.dummyjson.com/product-images/furniture/annibale-colombo-bed/thumbnail.webp","https://cdn.dummyjson.com/product-images/furniture/annibale-colombo-bed/1.webp; https://cdn.dummyjson.com/product-images/furniture/annibale-colombo-bed/2.webp; https://cdn.dummyjson.com/product-images/furniture/annibale-colombo-bed/3.webp","C:\Users\HP\3D Objects\supertech\super-store-vendor-products\images\annibale-colombo-bed\01.webp; C:\Users\HP\3D Objects\supertech\super-store-vendor-products\images\annibale-colombo-bed\02.webp; C:\Users\HP\3D Objects\supertech\super-store-vendor-products\images\annibale-colombo-bed\03.webp; C:\Users\HP\3D Objects\supertech\super-store-vendor-products\images\annibale-colombo-bed\04.webp"
"Super Store Vendor","DummyJSON product catalog sample data","12","Annibale Colombo Sofa","The Annibale Colombo Sofa is a sophisticated and comfortable seating option, featuring exquisite design and premium upholstery for your living room.","furniture","Annibale Colombo","FUR-ANN-ANN-012","2499.99","14.4","3.92","60","In Stock","1","furniture; sofas","6","W:12.75 H:20.55 D:19.06","Lifetime warranty","Ships in 1 week","7 days return policy","https://cdn.dummyjson.com/product-images/furniture/annibale-colombo-sofa/thumbnail.webp","https://cdn.dummyjson.com/product-images/furniture/annibale-colombo-sofa/1.webp; https://cdn.dummyjson.com/product-images/furniture/annibale-colombo-sofa/2.webp; https://cdn.dummyjson.com/product-images/furniture/annibale-colombo-sofa/3.webp","C:\Users\HP\3D Objects\supertech\super-store-vendor-products\images\annibale-colombo-sofa\01.webp; C:\Users\HP\3D Objects\supertech\super-store-vendor-products\images\annibale-colombo-sofa\02.webp; C:\Users\HP\3D Objects\supertech\super-store-vendor-products\images\annibale-colombo-sofa\03.webp; C:\Users\HP\3D Objects\supertech\super-store-vendor-products\images\annibale-colombo-sofa\04.webp"
"Super Store Vendor","DummyJSON product catalog sample data","13","Bedside Table African Cherry","The Bedside Table in African Cherry is a stylish and functional addition to your bedroom, providing convenient storage space and a touch of elegance.","furniture","Furniture Co.","FUR-FUR-BED-013","299.99","19.09","2.87","64","In Stock","3","furniture; bedside tables","2","W:13.47 H:24.99 D:27.35","5 year warranty","Ships overnight","7 days return policy","https://cdn.dummyjson.com/product-images/furniture/bedside-table-african-cherry/thumbnail.webp","https://cdn.dummyjson.com/product-images/furniture/bedside-table-african-cherry/1.webp; https://cdn.dummyjson.com/product-images/furniture/bedside-table-african-cherry/2.webp; https://cdn.dummyjson.com/product-images/furniture/bedside-table-african-cherry/3.webp","C:\Users\HP\3D Objects\supertech\super-store-vendor-products\images\bedside-table-african-cherry\01.webp; C:\Users\HP\3D Objects\supertech\super-store-vendor-products\images\bedside-table-african-cherry\02.webp; C:\Users\HP\3D Objects\supertech\super-store-vendor-products\images\bedside-table-african-cherry\03.webp; C:\Users\HP\3D Objects\supertech\super-store-vendor-products\images\bedside-table-african-cherry\04.webp"
"Super Store Vendor","DummyJSON product catalog sample data","14","Knoll Saarinen Executive Conference Chair","The Knoll Saarinen Executive Conference Chair is a modern and ergonomic chair, perfect for your office or conference room with its timeless design.","furniture","Knoll","FUR-KNO-KNO-014","499.99","2.01","4.88","26","In Stock","5","furniture; office chairs","10","W:13.81 H:7.5 D:5.62","2 year warranty","Ships overnight","60 days return policy","https://cdn.dummyjson.com/product-images/furniture/knoll-saarinen-executive-conference-chair/thumbnail.webp","https://cdn.dummyjson.com/product-images/furniture/knoll-saarinen-executive-conference-chair/1.webp; https://cdn.dummyjson.com/product-images/furniture/knoll-saarinen-executive-conference-chair/2.webp; https://cdn.dummyjson.com/product-images/furniture/knoll-saarinen-executive-conference-chair/3.webp","C:\Users\HP\3D Objects\supertech\super-store-vendor-products\images\knoll-saarinen-executive-conference-chair\01.webp; C:\Users\HP\3D Objects\supertech\super-store-vendor-products\images\knoll-saarinen-executive-conference-chair\02.webp; C:\Users\HP\3D Objects\supertech\super-store-vendor-products\images\knoll-saarinen-executive-conference-chair\03.webp; C:\Users\HP\3D Objects\supertech\super-store-vendor-products\images\knoll-saarinen-executive-conference-chair\04.webp"
"Super Store Vendor","DummyJSON product catalog sample data","15","Wooden Bathroom Sink With Mirror","The Wooden Bathroom Sink with Mirror is a unique and stylish addition to your bathroom, featuring a wooden sink countertop and a matching mirror.","furniture","Bath Trends","FUR-BAT-WOO-015","799.99","8.8","3.59","7","Low Stock","2","furniture; bathroom","10","W:7.98 H:8.88 D:28.46","3 year warranty","Ships in 3-5 business days","60 days return policy","https://cdn.dummyjson.com/product-images/furniture/wooden-bathroom-sink-with-mirror/thumbnail.webp","https://cdn.dummyjson.com/product-images/furniture/wooden-bathroom-sink-with-mirror/1.webp; https://cdn.dummyjson.com/product-images/furniture/wooden-bathroom-sink-with-mirror/2.webp; https://cdn.dummyjson.com/product-images/furniture/wooden-bathroom-sink-with-mirror/3.webp","C:\Users\HP\3D Objects\supertech\super-store-vendor-products\images\wooden-bathroom-sink-with-mirror\01.webp; C:\Users\HP\3D Objects\supertech\super-store-vendor-products\images\wooden-bathroom-sink-with-mirror\02.webp; C:\Users\HP\3D Objects\supertech\super-store-vendor-products\images\wooden-bathroom-sink-with-mirror\03.webp; C:\Users\HP\3D Objects\supertech\super-store-vendor-products\images\wooden-bathroom-sink-with-mirror\04.webp"
"Super Store Vendor","DummyJSON product catalog sample data","16","Apple","Fresh and crisp apples, perfect for snacking or incorporating into various recipes.","groceries",,"GRO-BRD-APP-016","1.99","12.62","4.19","8","In Stock","7","fruits","9","W:13.66 H:11.01 D:9.73","3 year warranty","Ships in 2 weeks","90 days return policy","https://cdn.dummyjson.com/product-images/groceries/apple/thumbnail.webp","https://cdn.dummyjson.com/product-images/groceries/apple/1.webp","C:\Users\HP\3D Objects\supertech\super-store-vendor-products\images\apple\01.webp; C:\Users\HP\3D Objects\supertech\super-store-vendor-products\images\apple\02.webp"
"Super Store Vendor","DummyJSON product catalog sample data","17","Beef Steak","High-quality beef steak, great for grilling or cooking to your preferred level of doneness.","groceries",,"GRO-BRD-BEE-017","12.99","9.61","4.47","86","In Stock","43","meat","10","W:18.9 H:5.77 D:18.57","3 year warranty","Ships overnight","60 days return policy","https://cdn.dummyjson.com/product-images/groceries/beef-steak/thumbnail.webp","https://cdn.dummyjson.com/product-images/groceries/beef-steak/1.webp","C:\Users\HP\3D Objects\supertech\super-store-vendor-products\images\beef-steak\01.webp; C:\Users\HP\3D Objects\supertech\super-store-vendor-products\images\beef-steak\02.webp"
"Super Store Vendor","DummyJSON product catalog sample data","18","Cat Food","Nutritious cat food formulated to meet the dietary needs of your feline friend.","groceries",,"GRO-BRD-FOO-018","8.99","9.58","3.13","46","In Stock","18","pet supplies; cat food","10","W:18.08 H:9.26 D:21.86","1 year warranty","Ships overnight","No return policy","https://cdn.dummyjson.com/product-images/groceries/cat-food/thumbnail.webp","https://cdn.dummyjson.com/product-images/groceries/cat-food/1.webp","C:\Users\HP\3D Objects\supertech\super-store-vendor-products\images\cat-food\01.webp; C:\Users\HP\3D Objects\supertech\super-store-vendor-products\images\cat-food\02.webp"
"Super Store Vendor","DummyJSON product catalog sample data","19","Chicken Meat","Fresh and tender chicken meat, suitable for various culinary preparations.","groceries",,"GRO-BRD-CHI-019","9.99","13.7","3.19","97","In Stock","22","meat","1","W:11.03 H:22.11 D:16.01","1 year warranty","Ships in 1 month","7 days return policy","https://cdn.dummyjson.com/product-images/groceries/chicken-meat/thumbnail.webp","https://cdn.dummyjson.com/product-images/groceries/chicken-meat/1.webp; https://cdn.dummyjson.com/product-images/groceries/chicken-meat/2.webp","C:\Users\HP\3D Objects\supertech\super-store-vendor-products\images\chicken-meat\01.webp; C:\Users\HP\3D Objects\supertech\super-store-vendor-products\images\chicken-meat\02.webp; C:\Users\HP\3D Objects\supertech\super-store-vendor-products\images\chicken-meat\03.webp"
"Super Store Vendor","DummyJSON product catalog sample data","20","Cooking Oil","Versatile cooking oil suitable for frying, sautéing, and various culinary applications.","groceries",,"GRO-BRD-COO-020","4.99","9.33","4.8","10","In Stock","46","cooking essentials","5","W:19.95 H:27.54 D:24.86","Lifetime warranty","Ships in 1-2 business days","30 days return policy","https://cdn.dummyjson.com/product-images/groceries/cooking-oil/thumbnail.webp","https://cdn.dummyjson.com/product-images/groceries/cooking-oil/1.webp","C:\Users\HP\3D Objects\supertech\super-store-vendor-products\images\cooking-oil\01.webp; C:\Users\HP\3D Objects\supertech\super-store-vendor-products\images\cooking-oil\02.webp"
"Super Store Vendor","DummyJSON product catalog sample data","21","Cucumber","Crisp and hydrating cucumbers, ideal for salads, snacks, or as a refreshing side.","groceries",,"GRO-BRD-CUC-021","1.49","0.16","4.07","84","In Stock","2","vegetables","4","W:12.8 H:28.38 D:21.34","2 year warranty","Ships in 1-2 business days","7 days return policy","https://cdn.dummyjson.com/product-images/groceries/cucumber/thumbnail.webp","https://cdn.dummyjson.com/product-images/groceries/cucumber/1.webp","C:\Users\HP\3D Objects\supertech\super-store-vendor-products\images\cucumber\01.webp; C:\Users\HP\3D Objects\supertech\super-store-vendor-products\images\cucumber\02.webp"
"Super Store Vendor","DummyJSON product catalog sample data","22","Dog Food","Specially formulated dog food designed to provide essential nutrients for your canine companion.","groceries",,"GRO-BRD-FOO-022","10.99","10.27","4.55","71","In Stock","43","pet supplies; dog food","10","W:16.93 H:27.15 D:9.29","No warranty","Ships in 1-2 business days","60 days return policy","https://cdn.dummyjson.com/product-images/groceries/dog-food/thumbnail.webp","https://cdn.dummyjson.com/product-images/groceries/dog-food/1.webp","C:\Users\HP\3D Objects\supertech\super-store-vendor-products\images\dog-food\01.webp; C:\Users\HP\3D Objects\supertech\super-store-vendor-products\images\dog-food\02.webp"
"Super Store Vendor","DummyJSON product catalog sample data","23","Eggs","Fresh eggs, a versatile ingredient for baking, cooking, or breakfast.","groceries",,"GRO-BRD-EGG-023","2.99","11.05","2.53","9","In Stock","32","dairy","2","W:11.42 H:7.44 D:16.95","1 week warranty","Ships in 1 week","No return policy","https://cdn.dummyjson.com/product-images/groceries/eggs/thumbnail.webp","https://cdn.dummyjson.com/product-images/groceries/eggs/1.webp","C:\Users\HP\3D Objects\supertech\super-store-vendor-products\images\eggs\01.webp; C:\Users\HP\3D Objects\supertech\super-store-vendor-products\images\eggs\02.webp"
"Super Store Vendor","DummyJSON product catalog sample data","24","Fish Steak","Quality fish steak, suitable for grilling, baking, or pan-searing.","groceries",,"GRO-BRD-FIS-024","14.99","4.23","3.78","74","In Stock","50","seafood","6","W:14.95 H:26.31 D:11.27","1 month warranty","Ships in 3-5 business days","60 days return policy","https://cdn.dummyjson.com/product-images/groceries/fish-steak/thumbnail.webp","https://cdn.dummyjson.com/product-images/groceries/fish-steak/1.webp","C:\Users\HP\3D Objects\supertech\super-store-vendor-products\images\fish-steak\01.webp; C:\Users\HP\3D Objects\supertech\super-store-vendor-products\images\fish-steak\02.webp"
"Super Store Vendor","DummyJSON product catalog sample data","25","Green Bell Pepper","Fresh and vibrant green bell pepper, perfect for adding color and flavor to your dishes.","groceries",,"GRO-BRD-GRE-025","1.29","0.16","3.25","33","In Stock","12","vegetables","2","W:15.33 H:26.65 D:14.44","1 month warranty","Ships in 1 week","30 days return policy","https://cdn.dummyjson.com/product-images/groceries/green-bell-pepper/thumbnail.webp","https://cdn.dummyjson.com/product-images/groceries/green-bell-pepper/1.webp","C:\Users\HP\3D Objects\supertech\super-store-vendor-products\images\green-bell-pepper\01.webp; C:\Users\HP\3D Objects\supertech\super-store-vendor-products\images\green-bell-pepper\02.webp"
"Super Store Vendor","DummyJSON product catalog sample data","26","Green Chili Pepper","Spicy green chili pepper, ideal for adding heat to your favorite recipes.","groceries",,"GRO-BRD-GRE-026","0.99","1","3.66","3","Low Stock","39","vegetables","7","W:15.38 H:18.12 D:19.92","2 year warranty","Ships in 1 week","30 days return policy","https://cdn.dummyjson.com/product-images/groceries/green-chili-pepper/thumbnail.webp","https://cdn.dummyjson.com/product-images/groceries/green-chili-pepper/1.webp","C:\Users\HP\3D Objects\supertech\super-store-vendor-products\images\green-chili-pepper\01.webp; C:\Users\HP\3D Objects\supertech\super-store-vendor-products\images\green-chili-pepper\02.webp"
"Super Store Vendor","DummyJSON product catalog sample data","27","Honey Jar","Pure and natural honey in a convenient jar, perfect for sweetening beverages or drizzling over food.","groceries",,"GRO-BRD-HON-027","6.99","14.4","3.97","34","In Stock","47","condiments","2","W:9.28 H:21.72 D:17.74","1 month warranty","Ships in 1-2 business days","90 days return policy","https://cdn.dummyjson.com/product-images/groceries/honey-jar/thumbnail.webp","https://cdn.dummyjson.com/product-images/groceries/honey-jar/1.webp","C:\Users\HP\3D Objects\supertech\super-store-vendor-products\images\honey-jar\01.webp; C:\Users\HP\3D Objects\supertech\super-store-vendor-products\images\honey-jar\02.webp"
"Super Store Vendor","DummyJSON product catalog sample data","28","Ice Cream","Creamy and delicious ice cream, available in various flavors for a delightful treat.","groceries",,"GRO-BRD-CRE-028","5.49","8.69","3.39","27","In Stock","42","desserts","1","W:14.83 H:15.07 D:24.2","1 month warranty","Ships in 2 weeks","No return policy","https://cdn.dummyjson.com/product-images/groceries/ice-cream/thumbnail.webp","https://cdn.dummyjson.com/product-images/groceries/ice-cream/1.webp; https://cdn.dummyjson.com/product-images/groceries/ice-cream/2.webp; https://cdn.dummyjson.com/product-images/groceries/ice-cream/3.webp; https://cdn.dummyjson.com/product-images/groceries/ice-cream/4.webp","C:\Users\HP\3D Objects\supertech\super-store-vendor-products\images\ice-cream\01.webp; C:\Users\HP\3D Objects\supertech\super-store-vendor-products\images\ice-cream\02.webp; C:\Users\HP\3D Objects\supertech\super-store-vendor-products\images\ice-cream\03.webp; C:\Users\HP\3D Objects\supertech\super-store-vendor-products\images\ice-cream\04.webp; C:\Users\HP\3D Objects\supertech\super-store-vendor-products\images\ice-cream\05.webp"
"Super Store Vendor","DummyJSON product catalog sample data","29","Juice","Refreshing fruit juice, packed with vitamins and great for staying hydrated.","groceries",,"GRO-BRD-JUI-029","3.99","12.06","3.94","50","In Stock","25","beverages","1","W:18.56 H:21.46 D:28.02","6 months warranty","Ships in 1 week","No return policy","https://cdn.dummyjson.com/product-images/groceries/juice/thumbnail.webp","https://cdn.dummyjson.com/product-images/groceries/juice/1.webp","C:\Users\HP\3D Objects\supertech\super-store-vendor-products\images\juice\01.webp; C:\Users\HP\3D Objects\supertech\super-store-vendor-products\images\juice\02.webp"
"Super Store Vendor","DummyJSON product catalog sample data","30","Kiwi","Nutrient-rich kiwi, perfect for snacking or adding a tropical twist to your dishes.","groceries",,"GRO-BRD-KIW-030","2.49","15.22","4.93","99","In Stock","30","fruits","5","W:19.4 H:18.67 D:17.13","6 months warranty","Ships overnight","7 days return policy","https://cdn.dummyjson.com/product-images/groceries/kiwi/thumbnail.webp","https://cdn.dummyjson.com/product-images/groceries/kiwi/1.webp","C:\Users\HP\3D Objects\supertech\super-store-vendor-products\images\kiwi\01.webp; C:\Users\HP\3D Objects\supertech\super-store-vendor-products\images\kiwi\02.webp"
"Super Store Vendor","DummyJSON product catalog sample data","31","Lemon","Zesty and tangy lemons, versatile for cooking, baking, or making refreshing beverages.","groceries",,"GRO-BRD-LEM-031","0.79","9.7","3.53","31","In Stock","29","fruits","3","W:23.77 H:9.22 D:12.05","No warranty","Ships in 1 month","7 days return policy","https://cdn.dummyjson.com/product-images/groceries/lemon/thumbnail.webp","https://cdn.dummyjson.com/product-images/groceries/lemon/1.webp","C:\Users\HP\3D Objects\supertech\super-store-vendor-products\images\lemon\01.webp; C:\Users\HP\3D Objects\supertech\super-store-vendor-products\images\lemon\02.webp"
"Super Store Vendor","DummyJSON product catalog sample data","32","Milk","Fresh and nutritious milk, a staple for various recipes and daily consumption.","groceries",,"GRO-BRD-MIL-032","3.49","13.74","2.61","27","In Stock","5","dairy","5","W:12.92 H:15.76 D:11.29","3 year warranty","Ships in 2 weeks","7 days return policy","https://cdn.dummyjson.com/product-images/groceries/milk/thumbnail.webp","https://cdn.dummyjson.com/product-images/groceries/milk/1.webp","C:\Users\HP\3D Objects\supertech\super-store-vendor-products\images\milk\01.webp; C:\Users\HP\3D Objects\supertech\super-store-vendor-products\images\milk\02.webp"
"Super Store Vendor","DummyJSON product catalog sample data","33","Mulberry","Sweet and juicy mulberries, perfect for snacking or adding to desserts and cereals.","groceries",,"GRO-BRD-MUL-033","4.99","12.87","4.95","99","In Stock","43","fruits","5","W:12.8 H:18.54 D:6.31","2 year warranty","Ships in 1 week","No return policy","https://cdn.dummyjson.com/product-images/groceries/mulberry/thumbnail.webp","https://cdn.dummyjson.com/product-images/groceries/mulberry/1.webp","C:\Users\HP\3D Objects\supertech\super-store-vendor-products\images\mulberry\01.webp; C:\Users\HP\3D Objects\supertech\super-store-vendor-products\images\mulberry\02.webp"
"Super Store Vendor","DummyJSON product catalog sample data","34","Nescafe Coffee","Quality coffee from Nescafe, available in various blends for a rich and satisfying cup.","groceries",,"GRO-BRD-NES-034","7.99","1.59","4.82","57","In Stock","8","beverages; coffee","6","W:20.54 H:29.49 D:29.2","1 year warranty","Ships in 1-2 business days","30 days return policy","https://cdn.dummyjson.com/product-images/groceries/nescafe-coffee/thumbnail.webp","https://cdn.dummyjson.com/product-images/groceries/nescafe-coffee/1.webp","C:\Users\HP\3D Objects\supertech\super-store-vendor-products\images\nescafe-coffee\01.webp; C:\Users\HP\3D Objects\supertech\super-store-vendor-products\images\nescafe-coffee\02.webp"
"Super Store Vendor","DummyJSON product catalog sample data","35","Potatoes","Versatile and starchy potatoes, great for roasting, mashing, or as a side dish.","groceries",,"GRO-BRD-POT-035","2.29","5.38","4.81","13","In Stock","9","vegetables","9","W:22.65 H:9.83 D:21.75","3 year warranty","Ships in 3-5 business days","90 days return policy","https://cdn.dummyjson.com/product-images/groceries/potatoes/thumbnail.webp","https://cdn.dummyjson.com/product-images/groceries/potatoes/1.webp","C:\Users\HP\3D Objects\supertech\super-store-vendor-products\images\potatoes\01.webp; C:\Users\HP\3D Objects\supertech\super-store-vendor-products\images\potatoes\02.webp"
"Super Store Vendor","DummyJSON product catalog sample data","36","Protein Powder","Nutrient-packed protein powder, ideal for supplementing your diet with essential proteins.","groceries",,"GRO-BRD-PRO-036","19.99","7.59","4.18","80","In Stock","6","health supplements","9","W:9.01 H:12.53 D:22.35","1 week warranty","Ships in 1 month","No return policy","https://cdn.dummyjson.com/product-images/groceries/protein-powder/thumbnail.webp","https://cdn.dummyjson.com/product-images/groceries/protein-powder/1.webp","C:\Users\HP\3D Objects\supertech\super-store-vendor-products\images\protein-powder\01.webp; C:\Users\HP\3D Objects\supertech\super-store-vendor-products\images\protein-powder\02.webp"
"Super Store Vendor","DummyJSON product catalog sample data","37","Red Onions","Flavorful and aromatic red onions, perfect for adding depth to your savory dishes.","groceries",,"GRO-BRD-ONI-037","1.99","9.9","4.2","82","In Stock","8","vegetables","9","W:16.01 H:24.96 D:12.74","1 month warranty","Ships in 3-5 business days","7 days return policy","https://cdn.dummyjson.com/product-images/groceries/red-onions/thumbnail.webp","https://cdn.dummyjson.com/product-images/groceries/red-onions/1.webp","C:\Users\HP\3D Objects\supertech\super-store-vendor-products\images\red-onions\01.webp; C:\Users\HP\3D Objects\supertech\super-store-vendor-products\images\red-onions\02.webp"
"Super Store Vendor","DummyJSON product catalog sample data","38","Rice","High-quality rice, a staple for various cuisines and a versatile base for many dishes.","groceries",,"GRO-BRD-RIC-038","5.99","9.29","3.18","59","In Stock","20","grains","5","W:17.21 H:9.88 D:17.16","6 months warranty","Ships overnight","No return policy","https://cdn.dummyjson.com/product-images/groceries/rice/thumbnail.webp","https://cdn.dummyjson.com/product-images/groceries/rice/1.webp","C:\Users\HP\3D Objects\supertech\super-store-vendor-products\images\rice\01.webp; C:\Users\HP\3D Objects\supertech\super-store-vendor-products\images\rice\02.webp"
"Super Store Vendor","DummyJSON product catalog sample data","39","Soft Drinks","Assorted soft drinks in various flavors, perfect for refreshing beverages.","groceries",,"GRO-BRD-SOF-039","1.99","17.48","4.75","53","In Stock","10","beverages","9","W:19.75 H:6.79 D:9.33","6 months warranty","Ships in 2 weeks","7 days return policy","https://cdn.dummyjson.com/product-images/groceries/soft-drinks/thumbnail.webp","https://cdn.dummyjson.com/product-images/groceries/soft-drinks/1.webp","C:\Users\HP\3D Objects\supertech\super-store-vendor-products\images\soft-drinks\01.webp; C:\Users\HP\3D Objects\supertech\super-store-vendor-products\images\soft-drinks\02.webp"
"Super Store Vendor","DummyJSON product catalog sample data","40","Strawberry","Sweet and succulent strawberries, great for snacking, desserts, or blending into smoothies.","groceries",,"GRO-BRD-STR-040","3.99","1.12","3.08","46","In Stock","12","fruits","1","W:28.18 H:21.25 D:28.54","1 week warranty","Ships in 1-2 business days","No return policy","https://cdn.dummyjson.com/product-images/groceries/strawberry/thumbnail.webp","https://cdn.dummyjson.com/product-images/groceries/strawberry/1.webp","C:\Users\HP\3D Objects\supertech\super-store-vendor-products\images\strawberry\01.webp; C:\Users\HP\3D Objects\supertech\super-store-vendor-products\images\strawberry\02.webp"
"Super Store Vendor","DummyJSON product catalog sample data","41","Tissue Paper Box","Convenient tissue paper box for everyday use, providing soft and absorbent tissues.","groceries",,"GRO-BRD-TIS-041","2.49","13.28","2.69","86","In Stock","44","household essentials","1","W:18.75 H:17.58 D:12.43","No warranty","Ships in 1-2 business days","90 days return policy","https://cdn.dummyjson.com/product-images/groceries/tissue-paper-box/thumbnail.webp","https://cdn.dummyjson.com/product-images/groceries/tissue-paper-box/1.webp; https://cdn.dummyjson.com/product-images/groceries/tissue-paper-box/2.webp","C:\Users\HP\3D Objects\supertech\super-store-vendor-products\images\tissue-paper-box\01.webp; C:\Users\HP\3D Objects\supertech\super-store-vendor-products\images\tissue-paper-box\02.webp; C:\Users\HP\3D Objects\supertech\super-store-vendor-products\images\tissue-paper-box\03.webp"
"Super Store Vendor","DummyJSON product catalog sample data","42","Water","Pure and refreshing bottled water, essential for staying hydrated throughout the day.","groceries",,"GRO-BRD-WAT-042","0.99","14.92","4.96","53","In Stock","28","beverages","4","W:18.43 H:7.4 D:17.79","3 months warranty","Ships in 1 month","7 days return policy","https://cdn.dummyjson.com/product-images/groceries/water/thumbnail.webp","https://cdn.dummyjson.com/product-images/groceries/water/1.webp","C:\Users\HP\3D Objects\supertech\super-store-vendor-products\images\water\01.webp; C:\Users\HP\3D Objects\supertech\super-store-vendor-products\images\water\02.webp"
"Super Store Vendor","DummyJSON product catalog sample data","43","Decoration Swing","The Decoration Swing is a charming addition to your home decor. Crafted with intricate details, it adds a touch of elegance and whimsy to any room.","home-decoration",,"HOM-BRD-DEC-043","59.99","10.41","3.16","47","In Stock","8","home decor; swing","4","W:23.84 H:15.19 D:26.05","1 week warranty","Ships in 1 month","90 days return policy","https://cdn.dummyjson.com/product-images/home-decoration/decoration-swing/thumbnail.webp","https://cdn.dummyjson.com/product-images/home-decoration/decoration-swing/1.webp; https://cdn.dummyjson.com/product-images/home-decoration/decoration-swing/2.webp; https://cdn.dummyjson.com/product-images/home-decoration/decoration-swing/3.webp","C:\Users\HP\3D Objects\supertech\super-store-vendor-products\images\decoration-swing\01.webp; C:\Users\HP\3D Objects\supertech\super-store-vendor-products\images\decoration-swing\02.webp; C:\Users\HP\3D Objects\supertech\super-store-vendor-products\images\decoration-swing\03.webp; C:\Users\HP\3D Objects\supertech\super-store-vendor-products\images\decoration-swing\04.webp"
"Super Store Vendor","DummyJSON product catalog sample data","44","Family Tree Photo Frame","The Family Tree Photo Frame is a sentimental and stylish way to display your cherished family memories. With multiple photo slots, it tells the story of your loved ones.","home-decoration",,"HOM-BRD-FAM-044","29.99","14.87","4.53","77","In Stock","15","home decor; photo frame","1","W:17.27 H:14.81 D:29.11","1 month warranty","Ships in 2 weeks","No return policy","https://cdn.dummyjson.com/product-images/home-decoration/family-tree-photo-frame/thumbnail.webp","https://cdn.dummyjson.com/product-images/home-decoration/family-tree-photo-frame/1.webp","C:\Users\HP\3D Objects\supertech\super-store-vendor-products\images\family-tree-photo-frame\01.webp; C:\Users\HP\3D Objects\supertech\super-store-vendor-products\images\family-tree-photo-frame\02.webp"
"Super Store Vendor","DummyJSON product catalog sample data","45","House Showpiece Plant","The House Showpiece Plant is an artificial plant that brings a touch of nature to your home without the need for maintenance. It adds greenery and style to any space.","home-decoration",,"HOM-BRD-HOU-045","39.99","7.46","4.67","28","In Stock","3","home decor; artificial plants","8","W:8.55 H:14.62 D:17.25","1 year warranty","Ships in 1 week","No return policy","https://cdn.dummyjson.com/product-images/home-decoration/house-showpiece-plant/thumbnail.webp","https://cdn.dummyjson.com/product-images/home-decoration/house-showpiece-plant/1.webp; https://cdn.dummyjson.com/product-images/home-decoration/house-showpiece-plant/2.webp; https://cdn.dummyjson.com/product-images/home-decoration/house-showpiece-plant/3.webp","C:\Users\HP\3D Objects\supertech\super-store-vendor-products\images\house-showpiece-plant\01.webp; C:\Users\HP\3D Objects\supertech\super-store-vendor-products\images\house-showpiece-plant\02.webp; C:\Users\HP\3D Objects\supertech\super-store-vendor-products\images\house-showpiece-plant\03.webp; C:\Users\HP\3D Objects\supertech\super-store-vendor-products\images\house-showpiece-plant\04.webp"
"Super Store Vendor","DummyJSON product catalog sample data","46","Plant Pot","The Plant Pot is a stylish container for your favorite plants. With a sleek design, it complements your indoor or outdoor garden, adding a modern touch to your plant display.","home-decoration",,"HOM-BRD-PLA-046","14.99","6.84","3.01","59","In Stock","31","home decor; plant accessories","9","W:9.83 H:20.28 D:13.49","Lifetime warranty","Ships in 3-5 business days","30 days return policy","https://cdn.dummyjson.com/product-images/home-decoration/plant-pot/thumbnail.webp","https://cdn.dummyjson.com/product-images/home-decoration/plant-pot/1.webp; https://cdn.dummyjson.com/product-images/home-decoration/plant-pot/2.webp; https://cdn.dummyjson.com/product-images/home-decoration/plant-pot/3.webp; https://cdn.dummyjson.com/product-images/home-decoration/plant-pot/4.webp","C:\Users\HP\3D Objects\supertech\super-store-vendor-products\images\plant-pot\01.webp; C:\Users\HP\3D Objects\supertech\super-store-vendor-products\images\plant-pot\02.webp; C:\Users\HP\3D Objects\supertech\super-store-vendor-products\images\plant-pot\03.webp; C:\Users\HP\3D Objects\supertech\super-store-vendor-products\images\plant-pot\04.webp; C:\Users\HP\3D Objects\supertech\super-store-vendor-products\images\plant-pot\05.webp"
"Super Store Vendor","DummyJSON product catalog sample data","47","Table Lamp","The Table Lamp is a functional and decorative lighting solution for your living space. With a modern design, it provides both ambient and task lighting, enhancing the atmosphere.","home-decoration",,"HOM-BRD-TAB-047","49.99","7.09","3.55","9","In Stock","2","home decor; lighting","4","W:8.98 H:13.41 D:5.65","3 months warranty","Ships in 1-2 business days","90 days return policy","https://cdn.dummyjson.com/product-images/home-decoration/table-lamp/thumbnail.webp","https://cdn.dummyjson.com/product-images/home-decoration/table-lamp/1.webp","C:\Users\HP\3D Objects\supertech\super-store-vendor-products\images\table-lamp\01.webp; C:\Users\HP\3D Objects\supertech\super-store-vendor-products\images\table-lamp\02.webp"
"Super Store Vendor","DummyJSON product catalog sample data","48","Bamboo Spatula","The Bamboo Spatula is a versatile kitchen tool made from eco-friendly bamboo. Ideal for flipping, stirring, and serving various dishes.","kitchen-accessories",,"KIT-BRD-BAM-048","7.99","2.84","3.27","37","In Stock","29","kitchen tools; utensils","3","W:21.32 H:23.03 D:25.94","1 month warranty","Ships overnight","60 days return policy","https://cdn.dummyjson.com/product-images/kitchen-accessories/bamboo-spatula/thumbnail.webp","https://cdn.dummyjson.com/product-images/kitchen-accessories/bamboo-spatula/1.webp","C:\Users\HP\3D Objects\supertech\super-store-vendor-products\images\bamboo-spatula\01.webp; C:\Users\HP\3D Objects\supertech\super-store-vendor-products\images\bamboo-spatula\02.webp"
"Super Store Vendor","DummyJSON product catalog sample data","49","Black Aluminium Cup","The Black Aluminium Cup is a stylish and durable cup suitable for both hot and cold beverages. Its sleek black design adds a modern touch to your drinkware collection.","kitchen-accessories",,"KIT-BRD-BLA-049","5.99","15.65","4.46","75","In Stock","48","drinkware; cups","7","W:5.88 H:5.11 D:10.03","1 year warranty","Ships overnight","30 days return policy","https://cdn.dummyjson.com/product-images/kitchen-accessories/black-aluminium-cup/thumbnail.webp","https://cdn.dummyjson.com/product-images/kitchen-accessories/black-aluminium-cup/1.webp; https://cdn.dummyjson.com/product-images/kitchen-accessories/black-aluminium-cup/2.webp","C:\Users\HP\3D Objects\supertech\super-store-vendor-products\images\black-aluminium-cup\01.webp; C:\Users\HP\3D Objects\supertech\super-store-vendor-products\images\black-aluminium-cup\02.webp; C:\Users\HP\3D Objects\supertech\super-store-vendor-products\images\black-aluminium-cup\03.webp"
"Super Store Vendor","DummyJSON product catalog sample data","50","Black Whisk","The Black Whisk is a kitchen essential for whisking and beating ingredients. Its ergonomic handle and sleek design make it a practical and stylish tool.","kitchen-accessories",,"KIT-BRD-BLA-050","9.99","10.24","3.9","73","In Stock","40","kitchen tools; utensils","1","W:13.03 H:5.99 D:20.64","3 months warranty","Ships in 1 month","30 days return policy","https://cdn.dummyjson.com/product-images/kitchen-accessories/black-whisk/thumbnail.webp","https://cdn.dummyjson.com/product-images/kitchen-accessories/black-whisk/1.webp",""
"Super Store Vendor","DummyJSON product catalog sample data","51","Boxed Blender","The Boxed Blender is a powerful and compact blender perfect for smoothies, shakes, and more. Its convenient design and multiple functions make it a versatile kitchen appliance.","kitchen-accessories",,"KIT-BRD-BOX-051","39.99","7.26","4.56","9","In Stock","4","kitchen appliances; blenders","1","W:9.05 H:19.45 D:17.59","5 year warranty","Ships in 1-2 business days","7 days return policy","https://cdn.dummyjson.com/product-images/kitchen-accessories/boxed-blender/thumbnail.webp","https://cdn.dummyjson.com/product-images/kitchen-accessories/boxed-blender/1.webp; https://cdn.dummyjson.com/product-images/kitchen-accessories/boxed-blender/2.webp; https://cdn.dummyjson.com/product-images/kitchen-accessories/boxed-blender/3.webp; https://cdn.dummyjson.com/product-images/kitchen-accessories/boxed-blender/4.webp",""
"Super Store Vendor","DummyJSON product catalog sample data","52","Carbon Steel Wok","The Carbon Steel Wok is a versatile cooking pan suitable for stir-frying, sautéing, and deep frying. Its sturdy construction ensures even heat distribution for delicious meals.","kitchen-accessories",,"KIT-BRD-CAR-052","29.99","6.53","4.05","40","In Stock","9","cookware; woks","2","W:27.69 H:7.54 D:10.11","2 year warranty","Ships in 1-2 business days","7 days return policy","https://cdn.dummyjson.com/product-images/kitchen-accessories/carbon-steel-wok/thumbnail.webp","https://cdn.dummyjson.com/product-images/kitchen-accessories/carbon-steel-wok/1.webp",""
"Super Store Vendor","DummyJSON product catalog sample data","53","Chopping Board","The Chopping Board is an essential kitchen accessory for food preparation. Made from durable material, it provides a safe and hygienic surface for cutting and chopping.","kitchen-accessories",,"KIT-BRD-CHO-053","12.99","8.03","3.7","14","In Stock","5","kitchen tools; cutting boards","2","W:15.6 H:6.93 D:8.51","3 months warranty","Ships in 2 weeks","No return policy","https://cdn.dummyjson.com/product-images/kitchen-accessories/chopping-board/thumbnail.webp","https://cdn.dummyjson.com/product-images/kitchen-accessories/chopping-board/1.webp",""
"Super Store Vendor","DummyJSON product catalog sample data","54","Citrus Squeezer Yellow","The Citrus Squeezer in Yellow is a handy tool for extracting juice from citrus fruits. Its vibrant color adds a cheerful touch to your kitchen gadgets.","kitchen-accessories",,"KIT-BRD-CIT-054","8.99","12.1","4.63","22","In Stock","38","kitchen tools; juicers","2","W:17.16 H:26.8 D:16.29","2 year warranty","Ships in 3-5 business days","60 days return policy","https://cdn.dummyjson.com/product-images/kitchen-accessories/citrus-squeezer-yellow/thumbnail.webp","https://cdn.dummyjson.com/product-images/kitchen-accessories/citrus-squeezer-yellow/1.webp",""
"Super Store Vendor","DummyJSON product catalog sample data","55","Egg Slicer","The Egg Slicer is a convenient tool for slicing boiled eggs evenly. It's perfect for salads, sandwiches, and other dishes where sliced eggs are desired.","kitchen-accessories",,"KIT-BRD-SLI-055","6.99","14.76","3.09","40","In Stock","32","kitchen tools; slicers","2","W:10.81 H:19.15 D:13.18","1 week warranty","Ships in 1 month","No return policy","https://cdn.dummyjson.com/product-images/kitchen-accessories/egg-slicer/thumbnail.webp","https://cdn.dummyjson.com/product-images/kitchen-accessories/egg-slicer/1.webp",""
"Super Store Vendor","DummyJSON product catalog sample data","56","Electric Stove","The Electric Stove provides a portable and efficient cooking solution. Ideal for small kitchens or as an additional cooking surface for various culinary needs.","kitchen-accessories",,"KIT-BRD-ELE-056","49.99","14.04","4.11","21","In Stock","8","kitchen appliances; cooktops","5","W:24.17 H:22.55 D:27.49","2 year warranty","Ships in 1 week","7 days return policy","https://cdn.dummyjson.com/product-images/kitchen-accessories/electric-stove/thumbnail.webp","https://cdn.dummyjson.com/product-images/kitchen-accessories/electric-stove/1.webp; https://cdn.dummyjson.com/product-images/kitchen-accessories/electric-stove/2.webp; https://cdn.dummyjson.com/product-images/kitchen-accessories/electric-stove/3.webp; https://cdn.dummyjson.com/product-images/kitchen-accessories/electric-stove/4.webp",""
"Super Store Vendor","DummyJSON product catalog sample data","57","Fine Mesh Strainer","The Fine Mesh Strainer is a versatile tool for straining liquids and sifting dry ingredients. Its fine mesh ensures efficient filtering for smooth cooking and baking.","kitchen-accessories",,"KIT-BRD-FIN-057","9.99","3.5","3.04","85","In Stock","43","kitchen tools; strainers","9","W:18.02 H:13.23 D:15.92","1 month warranty","Ships overnight","7 days return policy","https://cdn.dummyjson.com/product-images/kitchen-accessories/fine-mesh-strainer/thumbnail.webp","https://cdn.dummyjson.com/product-images/kitchen-accessories/fine-mesh-strainer/1.webp",""
"Super Store Vendor","DummyJSON product catalog sample data","58","Fork","The Fork is a classic utensil for various dining and serving purposes. Its durable and ergonomic design makes it a reliable choice for everyday use.","kitchen-accessories",,"KIT-BRD-FOR-058","3.99","8.07","3.11","7","In Stock","36","kitchen tools; utensils","9","W:12.3 H:25.91 D:22.57","No warranty","Ships in 1 month","No return policy","https://cdn.dummyjson.com/product-images/kitchen-accessories/fork/thumbnail.webp","https://cdn.dummyjson.com/product-images/kitchen-accessories/fork/1.webp",""
"Super Store Vendor","DummyJSON product catalog sample data","59","Glass","The Glass is a versatile and elegant drinking vessel suitable for a variety of beverages. Its clear design allows you to enjoy the colors and textures of your drinks.","kitchen-accessories",,"KIT-BRD-GLA-059","4.99","7.92","4.02","46","In Stock","17","drinkware; glasses","10","W:20.23 H:24.56 D:26.97","3 year warranty","Ships overnight","7 days return policy","https://cdn.dummyjson.com/product-images/kitchen-accessories/glass/thumbnail.webp","https://cdn.dummyjson.com/product-images/kitchen-accessories/glass/1.webp",""
"Super Store Vendor","DummyJSON product catalog sample data","60","Grater Black","The Grater in Black is a handy kitchen tool for grating cheese, vegetables, and more. Its sleek design and sharp blades make food preparation efficient and easy.","kitchen-accessories",,"KIT-BRD-GRA-060","10.99","3.56","3.21","84","In Stock","5","kitchen tools; graters","3","W:6.32 H:23.11 D:24.64","1 month warranty","Ships in 1 week","60 days return policy","https://cdn.dummyjson.com/product-images/kitchen-accessories/grater-black/thumbnail.webp","https://cdn.dummyjson.com/product-images/kitchen-accessories/grater-black/1.webp",""
"Super Store Vendor","DummyJSON product catalog sample data","61","Hand Blender","The Hand Blender is a versatile kitchen appliance for blending, pureeing, and mixing. Its compact design and powerful motor make it a convenient tool for various recipes.","kitchen-accessories",,"KIT-BRD-HAN-061","34.99","17.02","3.86","84","In Stock","11","kitchen appliances; blenders","5","W:27.31 H:21 D:24.27","1 year warranty","Ships in 1 week","No return policy","https://cdn.dummyjson.com/product-images/kitchen-accessories/hand-blender/thumbnail.webp","https://cdn.dummyjson.com/product-images/kitchen-accessories/hand-blender/1.webp",""
"Super Store Vendor","DummyJSON product catalog sample data","62","Ice Cube Tray","The Ice Cube Tray is a practical accessory for making ice cubes in various shapes. Perfect for keeping your drinks cool and adding a fun element to your beverages.","kitchen-accessories",,"KIT-BRD-CUB-062","5.99","0.63","4.71","13","In Stock","16","kitchen tools; ice cube trays","3","W:26.67 H:18.14 D:5.31","1 month warranty","Ships overnight","No return policy","https://cdn.dummyjson.com/product-images/kitchen-accessories/ice-cube-tray/thumbnail.webp","https://cdn.dummyjson.com/product-images/kitchen-accessories/ice-cube-tray/1.webp",""
"Super Store Vendor","DummyJSON product catalog sample data","63","Kitchen Sieve","The Kitchen Sieve is a versatile tool for sifting and straining dry and wet ingredients. Its fine mesh design ensures smooth results in your cooking and baking.","kitchen-accessories",,"KIT-BRD-KIT-063","7.99","18.91","3.09","68","In Stock","5","kitchen tools; strainers","5","W:20.68 H:6.5 D:7.86","1 month warranty","Ships overnight","No return policy","https://cdn.dummyjson.com/product-images/kitchen-accessories/kitchen-sieve/thumbnail.webp","https://cdn.dummyjson.com/product-images/kitchen-accessories/kitchen-sieve/1.webp",""
"Super Store Vendor","DummyJSON product catalog sample data","64","Knife","The Knife is an essential kitchen tool for chopping, slicing, and dicing. Its sharp blade and ergonomic handle make it a reliable choice for food preparation.","kitchen-accessories",,"KIT-BRD-KNI-064","14.99","18.86","3.26","7","Low Stock","50","kitchen tools; cutlery","3","W:25.19 H:18.52 D:20.5","1 month warranty","Ships in 1 week","7 days return policy","https://cdn.dummyjson.com/product-images/kitchen-accessories/knife/thumbnail.webp","https://cdn.dummyjson.com/product-images/kitchen-accessories/knife/1.webp",""
"Super Store Vendor","DummyJSON product catalog sample data","65","Lunch Box","The Lunch Box is a convenient and portable container for packing and carrying your meals. With compartments for different foods, it's perfect for on-the-go dining.","kitchen-accessories",,"KIT-BRD-LUN-065","12.99","10.34","4.93","94","In Stock","39","kitchen tools; storage","9","W:12.45 H:19.08 D:8.24","5 year warranty","Ships in 1-2 business days","30 days return policy","https://cdn.dummyjson.com/product-images/kitchen-accessories/lunch-box/thumbnail.webp","https://cdn.dummyjson.com/product-images/kitchen-accessories/lunch-box/1.webp",""
"Super Store Vendor","DummyJSON product catalog sample data","66","Microwave Oven","The Microwave Oven is a versatile kitchen appliance for quick and efficient cooking, reheating, and defrosting. Its compact size makes it suitable for various kitchen setups.","kitchen-accessories",,"KIT-BRD-MIC-066","89.99","12.13","4.82","59","In Stock","4","kitchen appliances; microwaves","9","W:16.31 H:27.45 D:13.05","1 year warranty","Ships in 1 week","7 days return policy","https://cdn.dummyjson.com/product-images/kitchen-accessories/microwave-oven/thumbnail.webp","https://cdn.dummyjson.com/product-images/kitchen-accessories/microwave-oven/1.webp; https://cdn.dummyjson.com/product-images/kitchen-accessories/microwave-oven/2.webp; https://cdn.dummyjson.com/product-images/kitchen-accessories/microwave-oven/3.webp; https://cdn.dummyjson.com/product-images/kitchen-accessories/microwave-oven/4.webp",""
"Super Store Vendor","DummyJSON product catalog sample data","67","Mug Tree Stand","The Mug Tree Stand is a stylish and space-saving solution for organizing your mugs. Keep your favorite mugs easily accessible and neatly displayed in your kitchen.","kitchen-accessories",,"KIT-BRD-TRE-067","15.99","9.25","2.64","88","In Stock","45","kitchen tools; organization","3","W:18.99 H:27.14 D:27.29","1 year warranty","Ships in 1 month","30 days return policy","https://cdn.dummyjson.com/product-images/kitchen-accessories/mug-tree-stand/thumbnail.webp","https://cdn.dummyjson.com/product-images/kitchen-accessories/mug-tree-stand/1.webp; https://cdn.dummyjson.com/product-images/kitchen-accessories/mug-tree-stand/2.webp",""
"Super Store Vendor","DummyJSON product catalog sample data","68","Pan","The Pan is a versatile and essential cookware item for frying, sautéing, and cooking various dishes. Its non-stick coating ensures easy food release and cleanup.","kitchen-accessories",,"KIT-BRD-PRD-068","24.99","3","2.79","90","In Stock","17","cookware; pans","8","W:17.14 H:21.7 D:25.75","1 year warranty","Ships in 3-5 business days","30 days return policy","https://cdn.dummyjson.com/product-images/kitchen-accessories/pan/thumbnail.webp","https://cdn.dummyjson.com/product-images/kitchen-accessories/pan/1.webp",""
"Super Store Vendor","DummyJSON product catalog sample data","69","Plate","The Plate is a classic and essential dishware item for serving meals. Its durable and stylish design makes it suitable for everyday use or special occasions.","kitchen-accessories",,"KIT-BRD-PLA-069","3.99","7.31","3.65","66","In Stock","6","dinnerware; plates","4","W:16.46 H:5.39 D:13.15","1 year warranty","Ships in 1-2 business days","90 days return policy","https://cdn.dummyjson.com/product-images/kitchen-accessories/plate/thumbnail.webp","https://cdn.dummyjson.com/product-images/kitchen-accessories/plate/1.webp",""
"Super Store Vendor","DummyJSON product catalog sample data","70","Red Tongs","The Red Tongs are versatile kitchen tongs suitable for various cooking and serving tasks. Their vibrant color adds a pop of excitement to your kitchen utensils.","kitchen-accessories",,"KIT-BRD-TON-070","6.99","14.52","4.42","82","In Stock","23","kitchen tools; tongs","7","W:22.86 H:26.2 D:17","No warranty","Ships in 1 week","30 days return policy","https://cdn.dummyjson.com/product-images/kitchen-accessories/red-tongs/thumbnail.webp","https://cdn.dummyjson.com/product-images/kitchen-accessories/red-tongs/1.webp",""
"Super Store Vendor","DummyJSON product catalog sample data","71","Silver Pot With Glass Cap","The Silver Pot with Glass Cap is a stylish and functional cookware item for boiling, simmering, and preparing delicious meals. Its glass cap allows you to monitor cooking progress.","kitchen-accessories",,"KIT-BRD-SIL-071","39.99","5.7","3.22","40","In Stock","10","cookware; pots","7","W:21.03 H:11.7 D:6.69","1 year warranty","Ships in 1 month","90 days return policy","https://cdn.dummyjson.com/product-images/kitchen-accessories/silver-pot-with-glass-cap/thumbnail.webp","https://cdn.dummyjson.com/product-images/kitchen-accessories/silver-pot-with-glass-cap/1.webp",""
"Super Store Vendor","DummyJSON product catalog sample data","72","Slotted Turner","The Slotted Turner is a kitchen utensil designed for flipping and turning food items. Its slotted design allows excess liquid to drain, making it ideal for frying and sautéing.","kitchen-accessories",,"KIT-BRD-SLO-072","8.99","13.35","3.4","88","In Stock","34","kitchen tools; turners","8","W:14.41 H:27.15 D:14.76","Lifetime warranty","Ships in 1-2 business days","7 days return policy","https://cdn.dummyjson.com/product-images/kitchen-accessories/slotted-turner/thumbnail.webp","https://cdn.dummyjson.com/product-images/kitchen-accessories/slotted-turner/1.webp",""
"Super Store Vendor","DummyJSON product catalog sample data","73","Spice Rack","The Spice Rack is a convenient organizer for your spices and seasonings. Keep your kitchen essentials within reach and neatly arranged with this stylish spice rack.","kitchen-accessories",,"KIT-BRD-SPI-073","19.99","12.09","4.87","79","In Stock","18","kitchen tools; organization","7","W:28.06 H:22.43 D:26.34","1 week warranty","Ships overnight","7 days return policy","https://cdn.dummyjson.com/product-images/kitchen-accessories/spice-rack/thumbnail.webp","https://cdn.dummyjson.com/product-images/kitchen-accessories/spice-rack/1.webp",""
"Super Store Vendor","DummyJSON product catalog sample data","74","Spoon","The Spoon is a versatile kitchen utensil for stirring, serving, and tasting. Its ergonomic design and durable construction make it an essential tool for every kitchen.","kitchen-accessories",,"KIT-BRD-SPO-074","4.99","1.53","4.03","59","In Stock","15","kitchen tools; utensils","6","W:8.49 H:26.04 D:27.78","1 year warranty","Ships in 1-2 business days","90 days return policy","https://cdn.dummyjson.com/product-images/kitchen-accessories/spoon/thumbnail.webp","https://cdn.dummyjson.com/product-images/kitchen-accessories/spoon/1.webp",""
"Super Store Vendor","DummyJSON product catalog sample data","75","Tray","The Tray is a functional and decorative item for serving snacks, appetizers, or drinks. Its stylish design makes it a versatile accessory for entertaining guests.","kitchen-accessories",,"KIT-BRD-TRA-075","16.99","7.48","4.62","71","In Stock","23","serveware; trays","10","W:12.7 H:7.52 D:9.72","5 year warranty","Ships in 2 weeks","7 days return policy","https://cdn.dummyjson.com/product-images/kitchen-accessories/tray/thumbnail.webp","https://cdn.dummyjson.com/product-images/kitchen-accessories/tray/1.webp",""
"Super Store Vendor","DummyJSON product catalog sample data","76","Wooden Rolling Pin","The Wooden Rolling Pin is a classic kitchen tool for rolling out dough for baking. Its smooth surface and sturdy handles make it easy to achieve uniform thickness.","kitchen-accessories",,"KIT-BRD-WOO-076","11.99","9.75","2.92","80","In Stock","11","kitchen tools; baking","7","W:5.92 H:10.87 D:19.55","3 year warranty","Ships in 2 weeks","30 days return policy","https://cdn.dummyjson.com/product-images/kitchen-accessories/wooden-rolling-pin/thumbnail.webp","https://cdn.dummyjson.com/product-images/kitchen-accessories/wooden-rolling-pin/1.webp",""
"Super Store Vendor","DummyJSON product catalog sample data","77","Yellow Peeler","The Yellow Peeler is a handy tool for peeling fruits and vegetables with ease. Its bright yellow color adds a cheerful touch to your kitchen gadgets.","kitchen-accessories",,"KIT-BRD-YEL-077","5.99","12.48","4.24","35","In Stock","6","kitchen tools; peelers","7","W:9.7 H:6.43 D:17.93","1 month warranty","Ships in 3-5 business days","90 days return policy","https://cdn.dummyjson.com/product-images/kitchen-accessories/yellow-peeler/thumbnail.webp","https://cdn.dummyjson.com/product-images/kitchen-accessories/yellow-peeler/1.webp",""
"Super Store Vendor","DummyJSON product catalog sample data","78","Apple MacBook Pro 14 Inch Space Grey","The MacBook Pro 14 Inch in Space Grey is a powerful and sleek laptop, featuring Apple's M1 Pro chip for exceptional performance and a stunning Retina display.","laptops","Apple","LAP-APP-APP-078","1999.99","4.69","3.65","24","In Stock","1","laptops; apple","9","W:20.03 H:9.54 D:14.82","3 year warranty","Ships in 2 weeks","90 days return policy","https://cdn.dummyjson.com/product-images/laptops/apple-macbook-pro-14-inch-space-grey/thumbnail.webp","https://cdn.dummyjson.com/product-images/laptops/apple-macbook-pro-14-inch-space-grey/1.webp; https://cdn.dummyjson.com/product-images/laptops/apple-macbook-pro-14-inch-space-grey/2.webp; https://cdn.dummyjson.com/product-images/laptops/apple-macbook-pro-14-inch-space-grey/3.webp",""
"Super Store Vendor","DummyJSON product catalog sample data","79","Asus Zenbook Pro Dual Screen Laptop","The Asus Zenbook Pro Dual Screen Laptop is a high-performance device with dual screens, providing productivity and versatility for creative professionals.","laptops","Asus","LAP-ASU-ASU-079","1799.99","11.14","3.95","45","In Stock","1","laptops","9","W:16.6 H:11.49 D:10.89","3 year warranty","Ships in 1 month","7 days return policy","https://cdn.dummyjson.com/product-images/laptops/asus-zenbook-pro-dual-screen-laptop/thumbnail.webp","https://cdn.dummyjson.com/product-images/laptops/asus-zenbook-pro-dual-screen-laptop/1.webp; https://cdn.dummyjson.com/product-images/laptops/asus-zenbook-pro-dual-screen-laptop/2.webp; https://cdn.dummyjson.com/product-images/laptops/asus-zenbook-pro-dual-screen-laptop/3.webp",""
"Super Store Vendor","DummyJSON product catalog sample data","80","Huawei Matebook X Pro","The Huawei Matebook X Pro is a slim and stylish laptop with a high-resolution touchscreen display, offering a premium experience for users on the go.","laptops","Huawei","LAP-HUA-HUA-080","1399.99","9.38","4.98","75","In Stock","1","laptops","9","W:18.21 H:22.83 D:17.26","No warranty","Ships overnight","60 days return policy","https://cdn.dummyjson.com/product-images/laptops/huawei-matebook-x-pro/thumbnail.webp","https://cdn.dummyjson.com/product-images/laptops/huawei-matebook-x-pro/1.webp; https://cdn.dummyjson.com/product-images/laptops/huawei-matebook-x-pro/2.webp; https://cdn.dummyjson.com/product-images/laptops/huawei-matebook-x-pro/3.webp",""
"Super Store Vendor","DummyJSON product catalog sample data","81","Lenovo Yoga 920","The Lenovo Yoga 920 is a 2-in-1 convertible laptop with a flexible hinge, allowing you to use it as a laptop or tablet, offering versatility and portability.","laptops","Lenovo","LAP-LEN-LEN-081","1099.99","6.55","2.86","40","In Stock","1","laptops","9","W:20.84 H:22.68 D:17.39","6 months warranty","Ships in 2 weeks","No return policy","https://cdn.dummyjson.com/product-images/laptops/lenovo-yoga-920/thumbnail.webp","https://cdn.dummyjson.com/product-images/laptops/lenovo-yoga-920/1.webp; https://cdn.dummyjson.com/product-images/laptops/lenovo-yoga-920/2.webp; https://cdn.dummyjson.com/product-images/laptops/lenovo-yoga-920/3.webp",""
"Super Store Vendor","DummyJSON product catalog sample data","82","New DELL XPS 13 9300 Laptop","The New DELL XPS 13 9300 Laptop is a compact and powerful device, featuring a virtually borderless InfinityEdge display and high-end performance for various tasks.","laptops","Dell","LAP-DEL-DEL-082","1499.99","11.89","2.67","74","In Stock","1","laptops","2","W:13.76 H:29 D:21.42","2 year warranty","Ships in 2 weeks","60 days return policy","https://cdn.dummyjson.com/product-images/laptops/new-dell-xps-13-9300-laptop/thumbnail.webp","https://cdn.dummyjson.com/product-images/laptops/new-dell-xps-13-9300-laptop/1.webp; https://cdn.dummyjson.com/product-images/laptops/new-dell-xps-13-9300-laptop/2.webp; https://cdn.dummyjson.com/product-images/laptops/new-dell-xps-13-9300-laptop/3.webp",""
"Super Store Vendor","DummyJSON product catalog sample data","83","Blue & Black Check Shirt","The Blue & Black Check Shirt is a stylish and comfortable men's shirt featuring a classic check pattern. Made from high-quality fabric, it's suitable for both casual and semi-formal occasions.","mens-shirts","Fashion Trends","MEN-FAS-BLU-083","29.99","15.35","3.64","38","In Stock","18","clothing; men's shirts","4","W:27.49 H:23.73 D:28.61","3 year warranty","Ships in 3-5 business days","30 days return policy","https://cdn.dummyjson.com/product-images/mens-shirts/blue-&-black-check-shirt/thumbnail.webp","https://cdn.dummyjson.com/product-images/mens-shirts/blue-&-black-check-shirt/1.webp; https://cdn.dummyjson.com/product-images/mens-shirts/blue-&-black-check-shirt/2.webp; https://cdn.dummyjson.com/product-images/mens-shirts/blue-&-black-check-shirt/3.webp; https://cdn.dummyjson.com/product-images/mens-shirts/blue-&-black-check-shirt/4.webp",""
"Super Store Vendor","DummyJSON product catalog sample data","84","Gigabyte Aorus Men Tshirt","The Gigabyte Aorus Men Tshirt is a cool and casual shirt for gaming enthusiasts. With the Aorus logo and sleek design, it's perfect for expressing your gaming style.","mens-shirts","Gigabyte","MEN-GIG-GIG-084","24.99","0.94","3.18","90","In Stock","16","clothing; men's t-shirts","4","W:22.31 H:26.47 D:13.27","3 year warranty","Ships overnight","30 days return policy","https://cdn.dummyjson.com/product-images/mens-shirts/gigabyte-aorus-men-tshirt/thumbnail.webp","https://cdn.dummyjson.com/product-images/mens-shirts/gigabyte-aorus-men-tshirt/1.webp; https://cdn.dummyjson.com/product-images/mens-shirts/gigabyte-aorus-men-tshirt/2.webp; https://cdn.dummyjson.com/product-images/mens-shirts/gigabyte-aorus-men-tshirt/3.webp; https://cdn.dummyjson.com/product-images/mens-shirts/gigabyte-aorus-men-tshirt/4.webp",""
"Super Store Vendor","DummyJSON product catalog sample data","85","Man Plaid Shirt","The Man Plaid Shirt is a timeless and versatile men's shirt with a classic plaid pattern. Its comfortable fit and casual style make it a wardrobe essential for various occasions.","mens-shirts","Classic Wear","MEN-CLA-PLA-085","34.99","19.5","3.46","82","In Stock","13","clothing; men's shirts","3","W:9.34 H:5.97 D:10.85","1 week warranty","Ships in 1-2 business days","7 days return policy","https://cdn.dummyjson.com/product-images/mens-shirts/man-plaid-shirt/thumbnail.webp","https://cdn.dummyjson.com/product-images/mens-shirts/man-plaid-shirt/1.webp; https://cdn.dummyjson.com/product-images/mens-shirts/man-plaid-shirt/2.webp; https://cdn.dummyjson.com/product-images/mens-shirts/man-plaid-shirt/3.webp; https://cdn.dummyjson.com/product-images/mens-shirts/man-plaid-shirt/4.webp",""
"Super Store Vendor","DummyJSON product catalog sample data","86","Man Short Sleeve Shirt","The Man Short Sleeve Shirt is a breezy and stylish option for warm days. With a comfortable fit and short sleeves, it's perfect for a laid-back yet polished look.","mens-shirts","Casual Comfort","MEN-CAS-SHO-086","19.99","6.83","2.9","2","Low Stock","4","clothing; men's shirts","2","W:5.02 H:16.57 D:9.6","3 year warranty","Ships in 2 weeks","30 days return policy","https://cdn.dummyjson.com/product-images/mens-shirts/man-short-sleeve-shirt/thumbnail.webp","https://cdn.dummyjson.com/product-images/mens-shirts/man-short-sleeve-shirt/1.webp; https://cdn.dummyjson.com/product-images/mens-shirts/man-short-sleeve-shirt/2.webp; https://cdn.dummyjson.com/product-images/mens-shirts/man-short-sleeve-shirt/3.webp; https://cdn.dummyjson.com/product-images/mens-shirts/man-short-sleeve-shirt/4.webp",""
"Super Store Vendor","DummyJSON product catalog sample data","87","Men Check Shirt","The Men Check Shirt is a classic and versatile shirt featuring a stylish check pattern. Suitable for various occasions, it adds a smart and polished touch to your wardrobe.","mens-shirts","Urban Chic","MEN-URB-CHE-087","27.99","11.38","2.72","95","In Stock","12","clothing; men's shirts","10","W:23.48 H:7.03 D:27.33","No warranty","Ships in 1-2 business days","30 days return policy","https://cdn.dummyjson.com/product-images/mens-shirts/men-check-shirt/thumbnail.webp","https://cdn.dummyjson.com/product-images/mens-shirts/men-check-shirt/1.webp; https://cdn.dummyjson.com/product-images/mens-shirts/men-check-shirt/2.webp; https://cdn.dummyjson.com/product-images/mens-shirts/men-check-shirt/3.webp; https://cdn.dummyjson.com/product-images/mens-shirts/men-check-shirt/4.webp",""
"Super Store Vendor","DummyJSON product catalog sample data","88","Nike Air Jordan 1 Red And Black","The Nike Air Jordan 1 in Red and Black is an iconic basketball sneaker known for its stylish design and high-performance features, making it a favorite among sneaker enthusiasts and athletes.","mens-shoes","Nike","MEN-NIK-NIK-088","149.99","4.12","4.77","7","In Stock","1","footwear; athletic shoes","3","W:17.44 H:9.52 D:27","1 year warranty","Ships in 1 week","No return policy","https://cdn.dummyjson.com/product-images/mens-shoes/nike-air-jordan-1-red-and-black/thumbnail.webp","https://cdn.dummyjson.com/product-images/mens-shoes/nike-air-jordan-1-red-and-black/1.webp; https://cdn.dummyjson.com/product-images/mens-shoes/nike-air-jordan-1-red-and-black/2.webp; https://cdn.dummyjson.com/product-images/mens-shoes/nike-air-jordan-1-red-and-black/3.webp; https://cdn.dummyjson.com/product-images/mens-shoes/nike-air-jordan-1-red-and-black/4.webp",""
"Super Store Vendor","DummyJSON product catalog sample data","89","Nike Baseball Cleats","Nike Baseball Cleats are designed for maximum traction and performance on the baseball field. They provide stability and support for players during games and practices.","mens-shoes","Nike","MEN-NIK-NIK-089","79.99","18.04","3.88","12","In Stock","3","footwear; sports cleats","9","W:11.75 H:26.65 D:19.6","6 months warranty","Ships in 2 weeks","No return policy","https://cdn.dummyjson.com/product-images/mens-shoes/nike-baseball-cleats/thumbnail.webp","https://cdn.dummyjson.com/product-images/mens-shoes/nike-baseball-cleats/1.webp; https://cdn.dummyjson.com/product-images/mens-shoes/nike-baseball-cleats/2.webp; https://cdn.dummyjson.com/product-images/mens-shoes/nike-baseball-cleats/3.webp; https://cdn.dummyjson.com/product-images/mens-shoes/nike-baseball-cleats/4.webp",""
"Super Store Vendor","DummyJSON product catalog sample data","90","Puma Future Rider Trainers","The Puma Future Rider Trainers offer a blend of retro style and modern comfort. Perfect for casual wear, these trainers provide a fashionable and comfortable option for everyday use.","mens-shoes","Puma","MEN-PUM-PUM-090","89.99","4.2","4.9","90","In Stock","10","footwear; casual shoes","6","W:17.45 H:15.58 D:23.13","5 year warranty","Ships in 1-2 business days","90 days return policy","https://cdn.dummyjson.com/product-images/mens-shoes/puma-future-rider-trainers/thumbnail.webp","https://cdn.dummyjson.com/product-images/mens-shoes/puma-future-rider-trainers/1.webp; https://cdn.dummyjson.com/product-images/mens-shoes/puma-future-rider-trainers/2.webp; https://cdn.dummyjson.com/product-images/mens-shoes/puma-future-rider-trainers/3.webp; https://cdn.dummyjson.com/product-images/mens-shoes/puma-future-rider-trainers/4.webp",""
"Super Store Vendor","DummyJSON product catalog sample data","91","Sports Sneakers Off White & Red","The Sports Sneakers in Off White and Red combine style and functionality, making them a fashionable choice for sports enthusiasts. The red and off-white color combination adds a bold and energetic touch.","mens-shoes","Off White","MEN-OFF-SPO-091","119.99","4.97","4.77","17","In Stock","5","footwear; athletic shoes","7","W:14.37 H:23.44 D:12.84","1 week warranty","Ships in 3-5 business days","30 days return policy","https://cdn.dummyjson.com/product-images/mens-shoes/sports-sneakers-off-white-&-red/thumbnail.webp","https://cdn.dummyjson.com/product-images/mens-shoes/sports-sneakers-off-white-&-red/1.webp; https://cdn.dummyjson.com/product-images/mens-shoes/sports-sneakers-off-white-&-red/2.webp; https://cdn.dummyjson.com/product-images/mens-shoes/sports-sneakers-off-white-&-red/3.webp; https://cdn.dummyjson.com/product-images/mens-shoes/sports-sneakers-off-white-&-red/4.webp",""
"Super Store Vendor","DummyJSON product catalog sample data","92","Sports Sneakers Off White Red","Another variant of the Sports Sneakers in Off White Red, featuring a unique design. These sneakers offer style and comfort for casual occasions.","mens-shoes","Off White","MEN-OFF-SPO-092","109.99","0.04","4.69","62","In Stock","3","footwear; casual shoes","9","W:21.43 H:9.86 D:28.5","3 months warranty","Ships overnight","60 days return policy","https://cdn.dummyjson.com/product-images/mens-shoes/sports-sneakers-off-white-red/thumbnail.webp","https://cdn.dummyjson.com/product-images/mens-shoes/sports-sneakers-off-white-red/1.webp; https://cdn.dummyjson.com/product-images/mens-shoes/sports-sneakers-off-white-red/2.webp; https://cdn.dummyjson.com/product-images/mens-shoes/sports-sneakers-off-white-red/3.webp; https://cdn.dummyjson.com/product-images/mens-shoes/sports-sneakers-off-white-red/4.webp",""
"Super Store Vendor","DummyJSON product catalog sample data","93","Brown Leather Belt Watch","The Brown Leather Belt Watch is a stylish timepiece with a classic design. Featuring a genuine leather strap and a sleek dial, it adds a touch of sophistication to your look.","mens-watches","Fashion Timepieces","MEN-FAS-BRO-093","89.99","5.99","4.19","32","In Stock","7","watches; leather watches","10","W:16.65 H:6.15 D:20.18","1 year warranty","Ships in 1 month","30 days return policy","https://cdn.dummyjson.com/product-images/mens-watches/brown-leather-belt-watch/thumbnail.webp","https://cdn.dummyjson.com/product-images/mens-watches/brown-leather-belt-watch/1.webp; https://cdn.dummyjson.com/product-images/mens-watches/brown-leather-belt-watch/2.webp; https://cdn.dummyjson.com/product-images/mens-watches/brown-leather-belt-watch/3.webp",""
"Super Store Vendor","DummyJSON product catalog sample data","94","Longines Master Collection","The Longines Master Collection is an elegant and refined watch known for its precision and craftsmanship. With a timeless design, it's a symbol of luxury and sophistication.","mens-watches","Longines","MEN-LON-LON-094","1499.99","17.24","3.87","100","In Stock","1","watches; luxury watches","4","W:15.39 H:10.06 D:20.32","1 week warranty","Ships in 1-2 business days","7 days return policy","https://cdn.dummyjson.com/product-images/mens-watches/longines-master-collection/thumbnail.webp","https://cdn.dummyjson.com/product-images/mens-watches/longines-master-collection/1.webp; https://cdn.dummyjson.com/product-images/mens-watches/longines-master-collection/2.webp; https://cdn.dummyjson.com/product-images/mens-watches/longines-master-collection/3.webp",""
"Super Store Vendor","DummyJSON product catalog sample data","95","Rolex Cellini Date Black Dial","The Rolex Cellini Date with Black Dial is a classic and prestigious watch. With a black dial and date complication, it exudes sophistication and is a symbol of Rolex's heritage.","mens-watches","Rolex","MEN-ROL-ROL-095","8999.99","8.88","4.97","40","In Stock","1","watches; luxury watches","2","W:13.46 H:26.1 D:17.9","3 months warranty","Ships in 1 week","90 days return policy","https://cdn.dummyjson.com/product-images/mens-watches/rolex-cellini-date-black-dial/thumbnail.webp","https://cdn.dummyjson.com/product-images/mens-watches/rolex-cellini-date-black-dial/1.webp; https://cdn.dummyjson.com/product-images/mens-watches/rolex-cellini-date-black-dial/2.webp; https://cdn.dummyjson.com/product-images/mens-watches/rolex-cellini-date-black-dial/3.webp",""
"Super Store Vendor","DummyJSON product catalog sample data","96","Rolex Cellini Moonphase","The Rolex Cellini Moonphase is a masterpiece of horology, featuring a moon phase complication and exquisite design. It reflects Rolex's commitment to precision and elegance.","mens-watches","Rolex","MEN-ROL-ROL-096","12999.99","17.52","2.58","36","In Stock","1","watches; luxury watches","2","W:26.06 H:25.19 D:13.17","6 months warranty","Ships overnight","7 days return policy","https://cdn.dummyjson.com/product-images/mens-watches/rolex-cellini-moonphase/thumbnail.webp","https://cdn.dummyjson.com/product-images/mens-watches/rolex-cellini-moonphase/1.webp; https://cdn.dummyjson.com/product-images/mens-watches/rolex-cellini-moonphase/2.webp; https://cdn.dummyjson.com/product-images/mens-watches/rolex-cellini-moonphase/3.webp",""
"Super Store Vendor","DummyJSON product catalog sample data","97","Rolex Datejust","The Rolex Datejust is an iconic and versatile timepiece with a date window. Known for its timeless design and reliability, it's a symbol of Rolex's watchmaking excellence.","mens-watches","Rolex","MEN-ROL-ROL-097","10999.99","3.73","3.66","86","In Stock","1","watches; luxury watches","4","W:23.11 H:19.97 D:27.04","2 year warranty","Ships in 1 month","7 days return policy","https://cdn.dummyjson.com/product-images/mens-watches/rolex-datejust/thumbnail.webp","https://cdn.dummyjson.com/product-images/mens-watches/rolex-datejust/1.webp; https://cdn.dummyjson.com/product-images/mens-watches/rolex-datejust/2.webp; https://cdn.dummyjson.com/product-images/mens-watches/rolex-datejust/3.webp",""
"Super Store Vendor","DummyJSON product catalog sample data","98","Rolex Submariner Watch","The Rolex Submariner is a legendary dive watch with a rich history. Known for its durability and water resistance, it's a symbol of adventure and exploration.","mens-watches","Rolex","MEN-ROL-ROL-098","13999.99","5.05","2.69","55","In Stock","1","watches; luxury watches","4","W:17.69 H:12.48 D:8.75","5 year warranty","Ships in 1 month","90 days return policy","https://cdn.dummyjson.com/product-images/mens-watches/rolex-submariner-watch/thumbnail.webp","https://cdn.dummyjson.com/product-images/mens-watches/rolex-submariner-watch/1.webp; https://cdn.dummyjson.com/product-images/mens-watches/rolex-submariner-watch/2.webp; https://cdn.dummyjson.com/product-images/mens-watches/rolex-submariner-watch/3.webp",""
"Super Store Vendor","DummyJSON product catalog sample data","99","Amazon Echo Plus","The Amazon Echo Plus is a smart speaker with built-in Alexa voice control. It features premium sound quality and serves as a hub for controlling smart home devices.","mobile-accessories","Amazon","MOB-AMA-AMA-099","99.99","12.07","4.99","61","In Stock","9","electronics; smart speakers","5","W:12.68 H:15.24 D:27.46","6 months warranty","Ships in 1 week","7 days return policy","https://cdn.dummyjson.com/product-images/mobile-accessories/amazon-echo-plus/thumbnail.webp","https://cdn.dummyjson.com/product-images/mobile-accessories/amazon-echo-plus/1.webp; https://cdn.dummyjson.com/product-images/mobile-accessories/amazon-echo-plus/2.webp",""
"Super Store Vendor","DummyJSON product catalog sample data","100","Apple Airpods","The Apple Airpods offer a seamless wireless audio experience. With easy pairing, high-quality sound, and Siri integration, they are perfect for on-the-go listening.","mobile-accessories","Apple","MOB-APP-APP-100","129.99","15.54","4.15","67","In Stock","4","electronics; wireless earphones","4","W:25.79 H:18.38 D:11.53","3 year warranty","Ships in 3-5 business days","No return policy","https://cdn.dummyjson.com/product-images/mobile-accessories/apple-airpods/thumbnail.webp","https://cdn.dummyjson.com/product-images/mobile-accessories/apple-airpods/1.webp; https://cdn.dummyjson.com/product-images/mobile-accessories/apple-airpods/2.webp; https://cdn.dummyjson.com/product-images/mobile-accessories/apple-airpods/3.webp",""
